[
  { "city": "Mumbai", "state": "Maharashtra", "pincode": "400001" },
  { "city": "Delhi", "state": "Delhi", "pincode": "110001" },
  { "city": "Bangalore", "state": "Karnataka", "pincode": "560001" },
  { "city": "Hyderabad", "state": "Telangana", "pincode": "500001" },
  { "city": "Chennai", "state": "Tamil Nadu", "pincode": "600001" },
  { "city": "Kolkata", "state": "West Bengal", "pincode": "700001" },
  { "city": "Pune", "state": "Maharashtra", "pincode": "411001" },
  { "city": "Ahmedabad", "state": "Gujarat", "pincode": "380001" },
  { "city": "Jaipur", "state": "Rajasthan", "pincode": "302001" },
  { "city": "Lucknow", "state": "Uttar Pradesh", "pincode": "226001" },
  { "city": "Kanpur", "state": "Uttar Pradesh", "pincode": "208001" },
  { "city": "Nagpur", "state": "Maharashtra", "pincode": "440001" },
  { "city": "Indore", "state": "Madhya Pradesh", "pincode": "452001" },
  { "city": "Thane", "state": "Maharashtra", "pincode": "400601" },
  { "city": "Bhopal", "state": "Madhya Pradesh", "pincode": "460001" },
  { "city": "Visakhapatnam", "state": "Andhra Pradesh", "pincode": "530001" },
  { "city": "Coimbatore", "state": "Tamil Nadu", "pincode": "641001" },
  { "city": "Vadodara", "state": "Gujarat", "pincode": "390001" },
  { "city": "Ghaziabad", "state": "Uttar Pradesh", "pincode": "201001" },
  { "city": "Surat", "state": "Gujarat", "pincode": "395001" },
  { "city": "Chandigarh", "state": "Chandigarh", "pincode": "160001" },
  { "city": "New Delhi", "state": "Delhi", "pincode": "110016" },
  { "city": "Patna", "state": "Bihar", "pincode": "800001" },
  { "city": "Indira Nagar", "state": "Karnataka", "pincode": "560038" },
  { "city": "Guwahati", "state": "Assam", "pincode": "781001" },
  { "city": "Kochi", "state": "Kerala", "pincode": "682001" },
  { "city": "Jodhpur", "state": "Rajasthan", "pincode": "342001" },
  { "city": "Amritsar", "state": "Punjab", "pincode": "143001" },
  { "city": "Navi Mumbai", "state": "Maharashtra", "pincode": "400708" },
  { "city": "Ranchi", "state": "Jharkhand", "pincode": "834001" },
  { "city": "Srinagar", "state": "Jammu & Kashmir", "pincode": "190001" },
  { "city": "Ludhiana", "state": "Punjab", "pincode": "141001" },
  { "city": "Nashik", "state": "Maharashtra", "pincode": "422001" },
  { "city": "Aurangabad", "state": "Maharashtra", "pincode": "431001" },
  { "city": "Dhanbad", "state": "Jharkhand", "pincode": "826001" },
  { "city": "Jabalpur", "state": "Madhya Pradesh", "pincode": "482001" },
  { "city": "Varanasi", "state": "Uttar Pradesh", "pincode": "221001" },
  { "city": "Agra", "state": "Uttar Pradesh", "pincode": "282001" },
  { "city": "Madurai", "state": "Tamil Nadu", "pincode": "625001" },
  { "city": "Guwahati", "state": "Assam", "pincode": "781001" },
  { "city": "Mysore", "state": "Karnataka", "pincode": "570001" },
  { "city": "Mangalore", "state": "Karnataka", "pincode": "575001" },
  { "city": "Belgaum", "state": "Karnataka", "pincode": "590001" },
  { "city": "Leh", "state": "Ladakh", "pincode": "194101" },
  { "city": "Shimla", "state": "Himachal Pradesh", "pincode": "171001" },
  { "city": "Manali", "state": "Himachal Pradesh", "pincode": "175131" },
  { "city": "Dharamshala", "state": "Himachal Pradesh", "pincode": "176215" },
  { "city": "Dehradun", "state": "Uttarakhand", "pincode": "248001" },
  { "city": "Rishikesh", "state": "Uttarakhand", "pincode": "249201" },
  { "city": "Nainital", "state": "Uttarakhand", "pincode": "263001" },
  { "city": "Panaji", "state": "Goa", "pincode": "403001" },
  { "city": "Margao", "state": "Goa", "pincode": "403601" },
  { "city": "Thiruvananthapuram", "state": "Kerala", "pincode": "695001" },
  { "city": "Alappuzha", "state": "Kerala", "pincode": "688001" },
  { "city": "Kottayam", "state": "Kerala", "pincode": "686001" },
  { "city": "Thrissur", "state": "Kerala", "pincode": "680001" },
  { "city": "Kozhikode", "state": "Kerala", "pincode": "673001" },
  { "city": "Kannur", "state": "Kerala", "pincode": "670001" },
  { "city": "Kollam", "state": "Kerala", "pincode": "691001" },
  { "city": "Malappuram", "state": "Kerala", "pincode": "676501" },
  { "city": "Kasaragod", "state": "Kerala", "pincode": "671541" },
  { "city": "Puducherry", "state": "Puducherry", "pincode": "605001" },
  { "city": "Kavaratti", "state": "Lakshadweep", "pincode": "682555" },
  { "city": "Port Blair", "state": "Andaman and Nicobar Islands", "pincode": "744101" },
  { "city": "Havelock Island", "state": "Andaman and Nicobar Islands", "pincode": "744401" },
  { "city": "Bangalore City", "state": "Karnataka", "pincode": "560002" },
  { "city": "Secunderabad", "state": "Telangana", "pincode": "500003" },
  { "city": "Noida", "state": "Uttar Pradesh", "pincode": "201301" },
  { "city": "Gurgaon", "state": "Haryana", "pincode": "122001" },
  { "city": "Faridabad", "state": "Haryana", "pincode": "121001" },
  { "city": "Hisar", "state": "Haryana", "pincode": "125001" },
  { "city": "Rohtak", "state": "Haryana", "pincode": "124001" },
  { "city": "Panipat", "state": "Haryana", "pincode": "132103" },
  { "city": "Karnal", "state": "Haryana", "pincode": "132001" },
  { "city": "Ambala", "state": "Haryana", "pincode": "134001" },
  { "city": "Sonipat", "state": "Haryana", "pincode": "131001" },
  { "city": "Yamunanagar", "state": "Haryana", "pincode": "135001" },
  { "city": "Ujjain", "state": "Madhya Pradesh", "pincode": "456010" },
  { "city": "Gwalior", "state": "Madhya Pradesh", "pincode": "474001" },
  { "city": "Khajuraho", "state": "Madhya Pradesh", "pincode": "471606" },
  { "city": "Sagar", "state": "Madhya Pradesh", "pincode": "470001" },
  { "city": "Indore", "state": "Madhya Pradesh", "pincode": "452001" },
  { "city": "Ujjain", "state": "Madhya Pradesh", "pincode": "456001" },
  { "city": "Ujjain", "state": "Madhya Pradesh", "pincode": "456002" },
  { "city": "Ujjain", "state": "Madhya Pradesh", "pincode": "456003" },
  { "city": "Ujjain", "state": "Madhya Pradesh", "pincode": "456004" },
  { "city": "Ujjain", "state": "Madhya Pradesh", "pincode": "456005" },
  { "city": "Benaras", "state": "Uttar Pradesh", "pincode": "221001" },
  { "city": "Mathura", "state": "Uttar Pradesh", "pincode": "281001" },
  { "city": "Meerut", "state": "Uttar Pradesh", "pincode": "250001" },
  { "city": "Bareilly", "state": "Uttar Pradesh", "pincode": "243001" },
  { "city": "Saharanpur", "state": "Uttar Pradesh", "pincode": "247001" },
  { "city": "Allahabad", "state": "Uttar Pradesh", "pincode": "211001" },
  { "city": "Aligarh", "state": "Uttar Pradesh", "pincode": "202001" },
  { "city": "Gorakhpur", "state": "Uttar Pradesh", "pincode": "273001" },
  { "city": "Etah", "state": "Uttar Pradesh", "pincode": "207001" },
  { "city": "Jaunpur", "state": "Uttar Pradesh", "pincode": "222001" },
  { "city": "Bulandshahr", "state": "Uttar Pradesh", "pincode": "203001" }
]
